label,precision,recall,f1-score,support
0,0.853448275862069,0.9,0.8761061946902655,110.0
1,0.8879310344827587,0.9279279279279279,0.9074889867841409,111.0
2,0.808695652173913,0.8378378378378378,0.8230088495575221,111.0
3,0.9813084112149533,0.9459459459459459,0.963302752293578,111.0
4,0.9910714285714286,0.9910714285714286,0.9910714285714286,112.0
5,0.9572649572649573,1.0,0.9781659388646288,112.0
6,0.9716981132075472,0.9279279279279279,0.9493087557603687,111.0
7,0.8888888888888888,0.8648648648648649,0.8767123287671232,111.0
8,1.0,0.9459459459459459,0.9722222222222222,111.0
9,1.0,0.9811320754716981,0.9904761904761905,106.0
accuracy,0.9321880650994575,0.9321880650994575,0.9321880650994575,0.9321880650994575
macro avg,0.9340306761666515,0.9322653954493578,0.9327863647987467,1106.0
weighted avg,0.9338778830514988,0.9321880650994575,0.9326705381075712,1106.0
