experiment_id,feature_config,feature_count,model,model_display_name,parameter_name,parameter_value,feature_fit_transform_seconds,model_fit_seconds,validation_predict_seconds,total_seconds,warnings,val_accuracy,val_macro_precision,val_macro_recall,val_macro_f1,val_weighted_precision,val_weighted_recall,val_weighted_f1
teacher_baseline__multinomial_nb__alpha_0p1,teacher_baseline,5000,multinomial_nb,Multinomial Naive Bayes,alpha,0.1,1.6146104999934323,0.009927999999490567,0.0015303999971365556,1.6260688999900594,,0.906871609403255,0.9084398943506165,0.9070449522013917,0.9071741743843384,0.9084945497640236,0.906871609403255,0.9071175201427379
teacher_baseline__multinomial_nb__alpha_0p5,teacher_baseline,5000,multinomial_nb,Multinomial Naive Bayes,alpha,0.5,1.6146104999934323,0.01012970000738278,0.003669500001706183,1.6284097000025213,,0.8996383363471971,0.9015439269497356,0.8998618762683156,0.8999647711398199,0.9015616581163187,0.8996383363471971,0.8998646523765298
teacher_baseline__multinomial_nb__alpha_1p0,teacher_baseline,5000,multinomial_nb,Multinomial Naive Bayes,alpha,1.0,1.6146104999934323,0.0111075000022538,0.0015934999973978847,1.627311499993084,,0.9005424954792043,0.9019270662756534,0.9007297165856973,0.9007008518891857,0.9018326148733219,0.9005424954792043,0.9005590860394971
teacher_baseline__logistic_regression__C_0p1,teacher_baseline,5000,logistic_regression,Logistic Regression,C,0.1,1.6146104999934323,0.29878739999549,0.002322699991054833,1.9157205999799771,,0.8634719710669078,0.8695361334371714,0.8635146872867576,0.8642040214366823,0.8695486687739021,0.8634719710669078,0.8641918195182695
teacher_baseline__logistic_regression__C_1p0,teacher_baseline,5000,logistic_regression,Logistic Regression,C,1.0,1.6146104999934323,0.6155064999911701,0.001552600006107241,2.2316695999907097,,0.9104882459312839,0.9115975827650148,0.9106396264956071,0.9107273736946946,0.9116274980484329,0.9104882459312839,0.9106664184693686
teacher_baseline__logistic_regression__C_10p0,teacher_baseline,5000,logistic_regression,Logistic Regression,C,10.0,1.6146104999934323,0.9268548999971244,0.0009943999903043732,2.542459799980861,,0.9177215189873418,0.9189357248730634,0.9178817280459569,0.9180439560093644,0.919025878689961,0.9177215189873418,0.9180101799607122
teacher_baseline__linear_svm__C_0p1,teacher_baseline,5000,linear_svm,Linear SVM (LinearSVC),C,0.1,1.6146104999934323,0.4388621999969473,0.0011644999904092401,2.054637199980789,,0.9122965641952984,0.9128639411979279,0.9124843663985953,0.9123252238476004,0.9128464993958392,0.9122965641952984,0.9122219047154978
teacher_baseline__linear_svm__C_1p0,teacher_baseline,5000,linear_svm,Linear SVM (LinearSVC),C,1.0,1.6146104999934323,0.4119234999961918,0.0019232000049669296,2.028457199994591,,0.9213381555153707,0.92212774267145,0.9215367562844626,0.921309430801494,0.9221835632746442,0.9213381555153707,0.9212389756859244
teacher_baseline__linear_svm__C_10p0,teacher_baseline,5000,linear_svm,Linear SVM (LinearSVC),C,10.0,1.6146104999934323,0.735539899993455,0.00105489999987185,2.351205299986759,,0.9095840867992767,0.9094390797184649,0.9097905930052805,0.9092341917979624,0.9094687098799837,0.9095840867992767,0.90914740551069
tuned_word_tfidf__multinomial_nb__alpha_0p1,tuned_word_tfidf,30000,multinomial_nb,Multinomial Naive Bayes,alpha,0.1,4.8763347000058275,0.0180465000012191,0.006845100011560135,4.901226300018607,,0.9104882459312839,0.9145261346630734,0.9107482429881599,0.9113223497015286,0.9145968030251688,0.9104882459312839,0.9112337757130322
tuned_word_tfidf__multinomial_nb__alpha_0p5,tuned_word_tfidf,30000,multinomial_nb,Multinomial Naive Bayes,alpha,0.5,4.8763347000058275,0.02121080001234077,0.011328900000080466,4.908874400018249,,0.9059674502712477,0.9095656078524856,0.9061105479412992,0.9065686011760793,0.9095334803079447,0.9059674502712477,0.9064793146037303
tuned_word_tfidf__multinomial_nb__alpha_1p0,tuned_word_tfidf,30000,multinomial_nb,Multinomial Naive Bayes,alpha,1.0,4.8763347000058275,0.021118100004969165,0.003226899993023835,4.9006797000038205,,0.9086799276672695,0.911856525720044,0.9087967203522425,0.9092842280989377,0.9118189377827439,0.9086799276672695,0.9092047266001025
tuned_word_tfidf__logistic_regression__C_0p1,tuned_word_tfidf,30000,logistic_regression,Logistic Regression,C,0.1,4.8763347000058275,0.4518415000056848,0.0024766999995335937,5.330652900011046,,0.8942133815551537,0.8996520939213661,0.8943581746636966,0.8949125102084501,0.8996886223806992,0.8942133815551537,0.8948640103387214
tuned_word_tfidf__logistic_regression__C_1p0,tuned_word_tfidf,30000,logistic_regression,Logistic Regression,C,1.0,4.8763347000058275,1.6309854999999516,0.003179799998179078,6.510500000003958,,0.9195298372513563,0.9206244047964873,0.9197005029151905,0.919781289948704,0.9205314003626802,0.9195298372513563,0.9196504344741444
tuned_word_tfidf__logistic_regression__C_10p0,tuned_word_tfidf,30000,logistic_regression,Logistic Regression,C,10.0,4.8763347000058275,3.03316459999769,0.0025265000003855675,7.912025800003903,,0.945750452079566,0.9462485600867556,0.9458279573683329,0.9457601838639695,0.9462035747667139,0.945750452079566,0.9456987045263023
tuned_word_tfidf__linear_svm__C_0p1,tuned_word_tfidf,30000,linear_svm,Linear SVM (LinearSVC),C,0.1,4.8763347000058275,0.4448930999933509,0.004029499992611818,5.32525729999179,,0.930379746835443,0.931382785144226,0.9305386070867723,0.9303408198247352,0.931364497798386,0.930379746835443,0.9302525489802949
tuned_word_tfidf__linear_svm__C_1p0,tuned_word_tfidf,30000,linear_svm,Linear SVM (LinearSVC),C,1.0,4.8763347000058275,0.6471599999931641,0.0041729999938979745,5.5276676999928895,,0.9520795660036167,0.9526480151214152,0.9522098195836728,0.9520371947219367,0.9526437633305999,0.9520795660036167,0.9519707705514843
tuned_word_tfidf__linear_svm__C_10p0,tuned_word_tfidf,30000,linear_svm,Linear SVM (LinearSVC),C,10.0,4.8763347000058275,1.2940870000020368,0.002393199989455752,6.17281489999732,,0.9502712477396021,0.950818391988301,0.9503749571983517,0.950269286560798,0.9508119063883661,0.9502712477396021,0.9502140268182551
cleaned_tuned_word_tfidf__multinomial_nb__alpha_0p1,cleaned_tuned_word_tfidf,30000,multinomial_nb,Multinomial Naive Bayes,alpha,0.1,4.264585500000976,0.01306099999055732,0.0034139999916078523,4.281060499983141,,0.9005424954792043,0.9042048929155051,0.9008445430766706,0.9012453133001429,0.9043507096227257,0.9005424954792043,0.9011754321043217
cleaned_tuned_word_tfidf__multinomial_nb__alpha_0p5,cleaned_tuned_word_tfidf,30000,multinomial_nb,Multinomial Naive Bayes,alpha,0.5,4.264585500000976,0.01433309999993071,0.0022121000074548647,4.281130700008362,,0.8969258589511754,0.901009107176751,0.8971752610817004,0.897638844788645,0.9011975719368776,0.8969258589511754,0.8976142078833498
cleaned_tuned_word_tfidf__multinomial_nb__alpha_1p0,cleaned_tuned_word_tfidf,30000,multinomial_nb,Multinomial Naive Bayes,alpha,1.0,4.264585500000976,0.014935100000002421,0.003049599996302277,4.282570199997281,,0.8924050632911392,0.8971015529757234,0.8926801913191907,0.8931113682947398,0.8973225541955845,0.8924050632911392,0.8930885936099152
cleaned_tuned_word_tfidf__logistic_regression__C_0p1,cleaned_tuned_word_tfidf,30000,logistic_regression,Logistic Regression,C,0.1,4.264585500000976,0.2964652999944519,0.0025791999942157418,4.563629999989644,,0.8761301989150091,0.881017340069851,0.8762685341997702,0.8771450171042092,0.8811373655236058,0.8761301989150091,0.8771424338241675
cleaned_tuned_word_tfidf__logistic_regression__C_1p0,cleaned_tuned_word_tfidf,30000,logistic_regression,Logistic Regression,C,1.0,4.264585500000976,1.2919848000019556,0.002301499989698641,5.55887179999263,,0.9050632911392406,0.907646323549231,0.9052636141544745,0.9057252620911376,0.907755105482759,0.9050632911392406,0.9056788047365542
cleaned_tuned_word_tfidf__logistic_regression__C_10p0,cleaned_tuned_word_tfidf,30000,logistic_regression,Logistic Regression,C,10.0,4.264585500000976,2.435152799997013,0.0021960000012768432,6.701934299999266,,0.918625678119349,0.9202688868209418,0.9187973254789942,0.9192268349461002,0.9203166681988909,0.918625678119349,0.919163913716331
cleaned_tuned_word_tfidf__linear_svm__C_0p1,cleaned_tuned_word_tfidf,30000,linear_svm,Linear SVM (LinearSVC),C,0.1,4.264585500000976,0.2718854000122519,0.004399800003739074,4.540870700016967,,0.9122965641952984,0.91401633892573,0.9125482110303386,0.9126343409991604,0.9141486887708256,0.9122965641952984,0.9125769880179826
cleaned_tuned_word_tfidf__linear_svm__C_1p0,cleaned_tuned_word_tfidf,30000,linear_svm,Linear SVM (LinearSVC),C,1.0,4.264585500000976,0.4518393000034848,0.004111600006581284,4.720536400011042,,0.930379746835443,0.9309841894442041,0.9305354450001326,0.9305153800983053,0.9309627157346735,0.930379746835443,0.9304247628281741
cleaned_tuned_word_tfidf__linear_svm__C_10p0,cleaned_tuned_word_tfidf,30000,linear_svm,Linear SVM (LinearSVC),C,10.0,4.264585500000976,1.432445500002359,0.003858400013996288,5.700889400017331,,0.918625678119349,0.9196142400411823,0.9187906727049017,0.918919291773608,0.919516251805088,0.918625678119349,0.9187860256543932
