model,model_display_name,parameter_name,parameter_value,cleaned_tuned_word_tfidf__macro_f1,teacher_baseline__macro_f1,tuned_word_tfidf__macro_f1,cleaned_tuned_word_tfidf__accuracy,teacher_baseline__accuracy,tuned_word_tfidf__accuracy,tuned_minus_teacher_macro_f1,cleaned_minus_tuned_macro_f1
linear_svm,Linear SVM (LinearSVC),C,0.1,0.9126343409991604,0.9123252238476004,0.9303408198247352,0.9122965641952984,0.9122965641952984,0.930379746835443,0.018015595977134757,-0.017706478825574745
linear_svm,Linear SVM (LinearSVC),C,1.0,0.9305153800983053,0.921309430801494,0.9520371947219367,0.930379746835443,0.9213381555153707,0.9520795660036167,0.03072776392044274,-0.021521814623631452
linear_svm,Linear SVM (LinearSVC),C,10.0,0.918919291773608,0.9092341917979624,0.950269286560798,0.918625678119349,0.9095840867992767,0.9502712477396021,0.04103509476283562,-0.03134999478719003
logistic_regression,Logistic Regression,C,0.1,0.8771450171042092,0.8642040214366823,0.8949125102084501,0.8761301989150091,0.8634719710669078,0.8942133815551537,0.030708488771767795,-0.01776749310424086
logistic_regression,Logistic Regression,C,1.0,0.9057252620911376,0.9107273736946946,0.919781289948704,0.9050632911392406,0.9104882459312839,0.9195298372513563,0.00905391625400942,-0.014056027857566433
logistic_regression,Logistic Regression,C,10.0,0.9192268349461002,0.9180439560093644,0.9457601838639695,0.918625678119349,0.9177215189873418,0.945750452079566,0.027716227854605147,-0.026533348917869293
multinomial_nb,Multinomial Naive Bayes,alpha,0.1,0.9012453133001429,0.9071741743843384,0.9113223497015286,0.9005424954792043,0.906871609403255,0.9104882459312839,0.004148175317190139,-0.010077036401385686
multinomial_nb,Multinomial Naive Bayes,alpha,0.5,0.897638844788645,0.8999647711398199,0.9065686011760793,0.8969258589511754,0.8996383363471971,0.9059674502712477,0.006603830036259417,-0.008929756387434318
multinomial_nb,Multinomial Naive Bayes,alpha,1.0,0.8931113682947398,0.9007008518891857,0.9092842280989377,0.8924050632911392,0.9005424954792043,0.9086799276672695,0.008583376209752025,-0.016172859804197914
